{"mass": "9265.228", "COG": [53.26981131649219, 45.48571203404562], "COG_weighted": [54.610200570318625, 46.68156011414792]}