{"mass": "47851.453", "COG": [57.90599874961484, 36.2362007870427], "COG_weighted": [58.448752337154225, 38.454287523638065]}