{"mass": "28846.945", "COG": [60.56671992875552, 31.03420631699217], "COG_weighted": [60.38191261985997, 34.43252160912523]}