{"mass": "144.31137", "COG": [55.48517456965948, 42.73035749126151], "COG_weighted": [55.400954104522064, 40.0373035364172]}