{"mass": "1727.5026", "COG": [53.878757746775754, 44.47582190142778], "COG_weighted": [53.062460938588465, 42.34942454276871]}