{"mass": "49036.625", "COG": [58.6141911580114, 34.85315100011768], "COG_weighted": [58.552411465581045, 38.1199836724848]}