{"mass": "5789.176", "COG": [60.44786676781328, 31.268598673875196], "COG_weighted": [61.1941391471695, 28.927074227363708]}