{"mass": "2145.4202", "COG": [59.66229502801593, 36.9880118118699], "COG_weighted": [57.881503415216, 38.69880049591693]}