{"mass": "42934.867", "COG": [59.730640751457834, 26.53716970524518], "COG_weighted": [60.17633990170427, 30.295370066918718]}