{"mass": "45955.016", "COG": [59.69203581876326, 27.89973102711648], "COG_weighted": [59.9925889715109, 30.70101254387062]}