{"mass": "16776.55", "COG": [55.33124571795183, 50.075683292399184], "COG_weighted": [55.339698846075244, 51.36513943211642]}