{"mass": "13684.028", "COG": [53.71668514390179, 55.304085169895444], "COG_weighted": [54.54557656763164, 53.18305019556947]}