{"mass": "49371.605", "COG": [60.76407309378372, 25.8552473720982], "COG_weighted": [60.186069734314465, 30.02599030793494]}