{"mass": "3404.714", "COG": [63.59364890802685, 20.429745042768243], "COG_weighted": [62.780314055483785, 20.94987271731817]}