{"mass": "21173.21", "COG": [60.90334390522174, 24.64096373558073], "COG_weighted": [60.98638549202536, 26.88260427722024]}