{"mass": "1299.4652", "COG": [54.68469420459343, 33.1028314184463], "COG_weighted": [54.51306235542195, 31.311254716467545]}