{"mass": "40931.13", "COG": [59.37576994233902, 21.770589503120608], "COG_weighted": [60.43869244438779, 22.893896728723313]}