{"mass": "42660.13", "COG": [58.57426701881831, 23.366736824457703], "COG_weighted": [60.197602629379844, 23.210280859716477]}