{"mass": "26885.79", "COG": [57.061609475663786, 50.24858903233671], "COG_weighted": [57.524373073262524, 47.383169578023676]}