{"mass": "30000.883", "COG": [56.73033452825585, 47.825780169907425], "COG_weighted": [57.54446251775384, 46.12406875408339]}