{"mass": "34233.85", "COG": [58.593213179726725, 19.306034369914748], "COG_weighted": [60.69376195438511, 20.40102891796948]}