{"mass": "6517.37", "COG": [57.64966122732052, 15.837065306815092], "COG_weighted": [59.82927453691471, 15.178958804719965]}