{"mass": "46849.746", "COG": [59.615038597339094, 29.74252571697201], "COG_weighted": [59.83457263294554, 33.22920082778074]}