{"mass": "2558.8625", "COG": [56.98454757957005, 35.471621093722725], "COG_weighted": [55.62450225093961, 39.43506656979986]}