{"mass": "43182.824", "COG": [60.0245535061381, 29.019862046815472], "COG_weighted": [60.15754150977753, 32.844361667615495]}