{"mass": "11984.25", "COG": [53.92964907148703, 50.06900649291501], "COG_weighted": [53.835520183519336, 53.08057251201211]}