{"mass": "9082.545", "COG": [52.1000372399881, 57.95475792979207], "COG_weighted": [53.24533787615472, 55.721917222051935]}