{"mass": "49461.098", "COG": [60.99395381789911, 27.993626077325803], "COG_weighted": [59.93400848823872, 32.656091526031275]}