{"mass": "16470.389", "COG": [61.462037978202765, 27.22424196793502], "COG_weighted": [60.77364940631164, 28.92262146443098]}