{"mass": "2599.426", "COG": [65.40788825252392, 22.366371675761606], "COG_weighted": [61.707938809771484, 22.377594611932576]}