{"mass": "44657.76", "COG": [59.356967894717286, 25.520802038181316], "COG_weighted": [60.06022842068737, 27.645738058253723]}