{"mass": "42625.613", "COG": [59.759951424702386, 24.35814366100517], "COG_weighted": [60.25363395186405, 27.407928918451343]}