{"mass": "1405.9348", "COG": [57.08007129701186, 34.06392245432446], "COG_weighted": [55.9135546193388, 34.167762898171]}