{"mass": "23075.555", "COG": [55.92167321145974, 49.15840164697093], "COG_weighted": [56.69164480645747, 48.8421508465494]}