{"mass": "19749.65", "COG": [55.59134950882459, 52.562418137595245], "COG_weighted": [56.32888510210858, 50.404067900085764]}