{"mass": "49071.06", "COG": [61.02507680372986, 23.141173557322432], "COG_weighted": [60.37960100442909, 27.031928300805102]}