{"mass": "27171.666", "COG": [61.42881328879719, 22.129327758459144], "COG_weighted": [61.183864666505514, 24.973621194459884]}