{"mass": "4397.6475", "COG": [64.87999942247151, 17.634245058190665], "COG_weighted": [63.59992058785978, 20.822386341573694]}