{"mass": "42536.98", "COG": [59.058475280071164, 24.396429445550417], "COG_weighted": [60.111197742115294, 25.127505506989174]}