{"mass": "40601.59", "COG": [59.59108991830368, 22.741352638054067], "COG_weighted": [60.341527122693456, 24.79593327731493]}