{"mass": "1437.2378", "COG": [56.18857644857251, 35.15932065044995], "COG_weighted": [55.2987432178383, 32.97673228733565]}