{"mass": "23750.645", "COG": [56.289218496320494, 51.680253805108386], "COG_weighted": [56.95220896178777, 48.74084206027752]}