{"mass": "26953.484", "COG": [56.2850809337763, 49.060034260015556], "COG_weighted": [57.14379203340244, 47.39832857220548]}