{"mass": "49126.266", "COG": [59.5424474087632, 21.527522289888424], "COG_weighted": [60.4776394763399, 24.129278890411847]}