{"mass": "31104.793", "COG": [59.86563489642698, 20.367417341197125], "COG_weighted": [61.16904028495309, 22.11753368944549]}