{"mass": "6565.4565", "COG": [60.30915887346414, 16.90456056328161], "COG_weighted": [62.82851859682576, 17.680553453882414]}