{"mass": "40328.996", "COG": [58.654908983403594, 21.084516251396025], "COG_weighted": [59.85848935365661, 21.722454992178555]}