{"mass": "1311.065", "COG": [54.50354462319513, 32.83138645711953], "COG_weighted": [54.389414534326654, 30.638488275229104]}