{"mass": "42057.83", "COG": [57.89408806509707, 22.853786936411414], "COG_weighted": [59.62976143685021, 22.053218331690914]}