{"mass": "28957.496", "COG": [57.79118151889247, 49.076596249250485], "COG_weighted": [58.1021975940044, 46.37455116959382]}