{"mass": "32248.79", "COG": [57.37049186999773, 46.83931958056045], "COG_weighted": [58.00700476761665, 45.13251117965345]}