{"mass": "49202.973", "COG": [57.40717115915695, 19.353311488112265], "COG_weighted": [59.42253727589102, 20.704091088234442]}