{"mass": "36476.812", "COG": [57.73938347924127, 18.053121246776737], "COG_weighted": [59.92317954925046, 19.16838249777048]}