{"mass": "7122.1533", "COG": [56.64178724423297, 13.969920978039605], "COG_weighted": [58.18461521597745, 12.749596140448443]}