{"mass": "41352.99", "COG": [59.80729503380481, 23.362742381414815], "COG_weighted": [60.34411167351496, 25.733189408174436]}