{"mass": "43621.97", "COG": [59.28894350604655, 24.752344128906653], "COG_weighted": [60.122410530702936, 26.088869540122815]}