{"mass": "1678.249", "COG": [56.56305280685625, 34.102194998685334], "COG_weighted": [56.036242425833834, 33.780088994094584]}