{"mass": "25380.354", "COG": [56.02051381437596, 49.002019241544645], "COG_weighted": [56.89137581082445, 47.968163673705526]}