{"mass": "22236.775", "COG": [55.88919506427246, 52.09842712477017], "COG_weighted": [56.65825870822266, 49.40138482834993]}