{"mass": "49117.277", "COG": [59.9971458321185, 22.03379699547389], "COG_weighted": [60.451212992598165, 25.376576673870968]}