{"mass": "29522.68", "COG": [60.35353819681564, 20.937812888589093], "COG_weighted": [61.122760208962106, 23.334844498515142]}