{"mass": "5476.087", "COG": [61.318330976818096, 16.914016484200953], "COG_weighted": [63.04758124951762, 19.722186449940935]}