{"mass": "40422.8", "COG": [59.67190788704296, 22.527382443710163], "COG_weighted": [60.5472366024537, 24.184876575201496]}