{"mass": "1362.0793", "COG": [54.715567861849145, 34.43630576034906], "COG_weighted": [54.359586479532254, 32.20286458397394]}