{"mass": "42209.86", "COG": [58.86276338144708, 24.191067094104262], "COG_weighted": [60.2851387831928, 24.498649897546503]}