{"mass": "24758.37", "COG": [56.59237622598529, 51.3222266397699], "COG_weighted": [57.098633797979346, 48.31531847806472]}