{"mass": "27990.646", "COG": [56.30722013681567, 48.693286675672034], "COG_weighted": [57.21578288712912, 46.939754619243026]}