{"mass": "49257.434", "COG": [59.45467989203523, 21.822401021048968], "COG_weighted": [60.6599641092019, 23.49542236702017]}