{"mass": "32273.127", "COG": [59.94061535644118, 20.67912909369552], "COG_weighted": [61.37757758422965, 21.57299847185875]}