{"mass": "7020.1885", "COG": [60.440435049738305, 17.826296502799334], "COG_weighted": [62.88609743357632, 17.484311915604053]}