{"mass": "29496.89", "COG": [60.721740489453786, 29.861267655503273], "COG_weighted": [60.60746097876601, 33.71305622544304]}