{"mass": "11277.822", "COG": [53.84047162332937, 46.08895309624037], "COG_weighted": [55.071862126613155, 46.48215221160517]}