{"mass": "47756.473", "COG": [58.19212356342046, 35.402461118744114], "COG_weighted": [58.74688065480352, 37.64217419789529]}