{"mass": "498.87506", "COG": [51.32292453435535, 55.145798531969085], "COG_weighted": [50.87691374823347, 56.435407412449315]}