{"mass": "3091.477", "COG": [53.81282050791028, 46.20783086263681], "COG_weighted": [53.013247910687596, 48.091918838309084]}