{"mass": "49506.82", "COG": [58.82688157844003, 33.87285906669545], "COG_weighted": [58.84057510784383, 37.20233317815103]}