{"mass": "7623.3584", "COG": [60.62959640194407, 29.697260448654905], "COG_weighted": [61.42758098628588, 28.264986335713644]}