{"mass": "1742.2217", "COG": [61.748824353335074, 26.725912534273633], "COG_weighted": [61.36697496437573, 25.207922966100504]}